customer_id,age,gender,tenure,monthly_spend,num_purchases,support_calls,churn
C0001,56.0,Male,58,111.7,40,4,0
C0002,46.0,Female,23,290.89,4,2,0
C0003,32.0,Female,26,146.84,47,5,0
C0004,60.0,Female,34,55.45,31,5,1
C0005,25.0,Male,46,158.54,28,7,0
C0006,38.0,Male,34,489.14,11,1,0
C0007,,Male,29,410.69,43,0,0
C0008,36.0,Male,4,481.81,1,3,0
C0009,40.0,Male,17,269.53,49,6,0
C0010,28.0,Male,35,99.38,47,9,0
C0011,28.0,Male,13,296.58,38,2,0
C0012,41.0,Male,41,254.47,24,2,1
C0013,53.0,Female,39,429.96,47,4,1
C0014,57.0,Female,15,94.14,31,4,0
C0015,41.0,Male,55,269.71,41,9,1
C0016,20.0,Male,29,117.52,46,2,0
C0017,39.0,Female,29,196.1,26,8,0
C0018,19.0,Male,11,381.81,49,3,0
C0019,,Male,52,264.21,5,2,0
C0020,61.0,Male,32,219.15,20,1,0
C0021,47.0,Female,2,227.51,41,9,0
C0022,55.0,Female,47,256.75,11,8,0
C0023,19.0,Female,14,403.26,33,3,1
C0024,38.0,Female,20,451.44,38,2,0
C0025,50.0,Female,22,479.9,27,6,0
C0026,29.0,Male,11,404.11,34,7,0
C0027,39.0,Female,27,191.93,15,1,0
C0028,61.0,Male,3,359.66,32,6,0
C0029,42.0,Male,17,246.92,21,4,0
C0030,44.0,Female,44,164.6,46,-1,1
C0031,59.0,Female,56,428.39,5,2,0
C0032,45.0,Male,28,67.29,6,4,0
C0033,33.0,Male,29,455.79,38,1,0
C0034,32.0,Male,21,257.66,22,3,0
C0035,64.0,Female,47,336.74,18,5,0
C0036,61.0,Female,16,346.71,14,0,0
C0037,20.0,Female,37,,10,9,0
C0038,54.0,Female,59,336.5,46,3,0
C0039,24.0,Female,20,326.27,13,5,0
C0040,38.0,Male,6,79.99,31,8,0
C0041,26.0,Female,19,283.28,30,1,0
C0042,,Male,57,117.58,3,6,0
C0043,35.0,Male,5,381.85,30,5,0
C0044,21.0,Male,3,,6,1,0
C0045,,Female,59,356.1,29,7,0
C0046,31.0,Female,1,68.75,8,6,0
C0047,26.0,Female,58,88.16,44,4,0
C0048,43.0,Male,38,372.35,45,4,0
C0049,19.0,Male,15,82.44,43,-1,1
C0050,37.0,Male,34,82.07,44,8,0
C0051,45.0,Male,35,55.45,33,8,1
C0052,64.0,Male,49,480.43,17,8,0
C0053,24.0,Male,25,381.88,48,5,0
C0054,61.0,Female,24,208.96,11,9,0
C0055,,Female,12,183.44,13,5,0
C0056,64.0,Female,18,207.37,11,2,0
C0057,52.0,Female,15,398.59,31,0,0
C0058,31.0,Male,44,347.62,28,6,0
C0059,34.0,Male,16,133.34,44,3,0
C0060,53.0,Female,27,128.35,6,0,1
C0061,57.0,Male,8,94.28,41,7,1
C0062,,Female,46,347.14,16,5,0
C0063,19.0,Female,25,393.97,4,5,0
C0064,23.0,Female,17,169.27,35,1,0
C0065,59.0,Male,29,59.43,48,0,0
C0066,21.0,Female,53,86.98,26,1,0
C0067,46.0,Female,8,485.54,12,3,1
C0068,35.0,Female,15,182.95,11,1,0
C0069,43.0,Male,27,396.15,37,0,0
C0070,61.0,Male,46,331.1,25,6,0
C0071,51.0,Female,50,221.87,18,7,1
C0072,27.0,Male,52,142.56,19,5,0
C0073,53.0,Male,7,104.62,23,3,0
C0074,31.0,Male,3,326.76,38,5,1
C0075,48.0,Male,29,398.59,18,2,0
C0076,32.0,Male,44,339.76,26,7,1
C0077,25.0,Male,53,288.64,6,9,0
C0078,31.0,Male,24,68.88,4,-1,1
C0079,40.0,Male,58,485.82,44,4,0
C0080,57.0,Male,3,409.42,29,0,0
C0081,38.0,Male,20,181.77,34,5,1
C0082,33.0,Female,46,490.99,17,1,0
C0083,62.0,Female,15,320.85,43,3,0
C0084,35.0,Male,25,,43,5,0
C0085,64.0,Female,30,386.63,16,-1,0
C0086,41.0,Female,14,415.3,2,7,0
C0087,43.0,Male,7,345.42,34,7,0
C0088,42.0,Male,17,107.64,8,5,0
C0089,62.0,Male,44,202.22,13,3,0
C0090,58.0,Female,20,467.64,42,7,0
C0091,46.0,Female,36,151.08,8,7,0
C0092,32.0,Male,9,217.48,30,9,1
C0093,62.0,Male,38,244.43,32,0,1
C0094,18.0,Male,48,247.73,36,3,1
C0095,42.0,Female,57,325.82,47,3,0
C0096,24.0,Female,22,474.38,30,6,0
C0097,26.0,Female,54,158.31,1,6,0
C0098,41.0,Female,53,104.68,43,7,0
C0099,18.0,Male,53,138.86,39,4,0
C0100,61.0,Male,2,449.12,17,6,0
C0101,25.0,Male,24,340.61,20,7,0
C0102,41.0,Male,8,178.66,24,8,1
C0103,28.0,Female,11,417.18,22,2,0
C0104,34.0,Female,13,437.62,29,2,0
C0105,25.0,Male,17,430.93,22,3,0
C0106,52.0,Male,8,463.52,44,4,0
C0107,52.0,Female,21,163.51,9,9,1
C0108,50.0,Male,18,389.77,37,0,0
C0109,22.0,Female,30,257.24,10,6,0
C0110,59.0,Male,18,428.9,36,8,0
C0111,56.0,Male,46,377.82,37,7,0
C0112,58.0,Male,47,399.4,28,4,0
C0113,45.0,Male,31,345.27,28,3,1
C0114,24.0,Male,38,,42,6,1
C0115,26.0,Male,32,295.26,43,4,1
C0116,25.0,Male,11,493.1,21,6,0
C0117,,Female,45,471.82,24,0,1
C0118,51.0,Female,25,69.43,42,0,0
C0119,50.0,Female,33,124.17,40,9,0
C0120,40.0,Female,38,109.28,2,2,0
C0121,41.0,Female,41,376.69,8,1,0
C0122,54.0,Male,8,418.0,48,1,0
C0123,52.0,Male,11,146.08,27,6,1
C0124,61.0,Female,22,277.63,22,9,0
C0125,57.0,Male,51,428.32,37,1,0
C0126,39.0,Female,24,379.76,27,3,0
C0127,44.0,Female,41,294.01,29,1,1
C0128,52.0,Male,17,315.66,3,-1,1
C0129,18.0,Male,12,278.76,44,7,1
C0130,52.0,Male,57,183.9,13,9,0
C0131,54.0,Female,46,304.26,45,3,0
C0132,64.0,Male,32,360.0,10,4,0
C0133,31.0,Female,15,443.0,36,3,0
C0134,20.0,Female,16,336.33,9,2,0
C0135,18.0,Female,54,392.5,27,4,0
C0136,22.0,Male,22,122.03,34,8,0
C0137,43.0,Male,28,257.7,1,7,1
C0138,31.0,Female,20,54.2,32,7,0
C0139,56.0,Male,33,161.01,25,7,0
C0140,44.0,Male,10,376.91,29,7,0
C0141,26.0,Male,40,496.31,7,6,1
C0142,32.0,Female,32,94.63,49,7,1
C0143,32.0,Female,50,230.67,3,7,1
C0144,43.0,Male,33,410.03,20,7,1
C0145,59.0,Female,2,,20,-1,0
C0146,30.0,Male,33,299.79,30,6,0
C0147,49.0,Male,33,379.88,35,0,0
C0148,56.0,Male,41,327.19,35,3,0
C0149,49.0,Male,13,134.61,49,3,0
C0150,21.0,Female,30,209.92,39,4,0
C0151,47.0,Female,33,,27,9,1
C0152,54.0,Female,13,299.4,26,5,1
C0153,40.0,Male,52,52.35,14,3,1
C0154,56.0,Male,26,392.45,17,1,1
C0155,62.0,Male,22,65.89,18,5,0
C0156,32.0,Female,39,385.58,45,7,0
C0157,60.0,Male,2,141.12,29,7,0
C0158,46.0,Female,38,481.13,20,6,0
C0159,53.0,Female,39,215.57,27,5,1
C0160,30.0,Female,26,197.12,18,1,0
C0161,49.0,Female,46,117.0,4,6,1
C0162,24.0,Female,58,187.52,1,4,0
C0163,39.0,Female,50,444.49,1,5,0
C0164,45.0,Male,15,498.35,26,9,0
C0165,19.0,Male,34,,45,7,0
C0166,59.0,Female,42,251.87,20,7,0
C0167,62.0,Female,55,374.93,23,2,0
C0168,23.0,Male,44,448.79,10,6,1
C0169,45.0,Female,49,316.87,11,0,0
C0170,45.0,Female,40,226.19,41,0,0
C0171,61.0,Male,11,235.68,41,6,0
C0172,61.0,Female,3,363.03,5,9,0
C0173,37.0,Female,59,51.45,1,8,1
C0174,47.0,Female,6,328.82,17,6,0
C0175,28.0,Male,9,209.97,22,9,1
C0176,45.0,Male,6,407.39,34,4,0
C0177,42.0,Male,9,91.85,45,7,1
C0178,56.0,Female,39,314.69,41,1,0
C0179,50.0,Female,31,266.44,29,8,0
C0180,18.0,Male,32,339.05,4,5,0
C0181,44.0,Female,41,79.18,5,8,0
C0182,30.0,Female,50,310.99,11,1,0
C0183,58.0,Female,12,302.67,21,2,0
C0184,20.0,Female,8,302.3,35,7,0
C0185,56.0,Female,8,321.57,12,0,0
C0186,23.0,Male,50,354.41,26,9,0
C0187,25.0,Female,28,412.25,19,6,1
C0188,44.0,Male,20,171.42,45,6,0
C0189,26.0,Female,47,421.27,7,0,0
C0190,54.0,Male,59,274.22,47,8,0
C0191,50.0,Female,7,84.68,7,7,1
C0192,59.0,Male,11,76.35,26,3,0
C0193,61.0,Female,20,200.41,40,-1,0
C0194,41.0,Male,16,403.2,5,4,1
C0195,32.0,Female,4,368.46,21,1,1
C0196,49.0,Male,6,404.88,14,8,0
C0197,49.0,Female,58,282.77,4,5,0
C0198,41.0,Male,22,248.09,23,2,1
C0199,58.0,Male,26,116.35,42,6,0
C0200,29.0,Female,3,197.69,20,8,0
C0201,56.0,Female,41,245.31,15,2,0
C0202,19.0,Male,42,89.87,45,1,1
C0203,20.0,Female,14,149.28,29,6,0
C0204,54.0,Male,11,319.2,8,6,1
C0205,34.0,Male,18,381.05,41,3,0
C0206,,Male,54,499.26,48,8,0
C0207,19.0,Female,12,,19,7,0
C0208,45.0,Male,23,339.15,48,0,0
C0209,40.0,Male,12,239.56,39,0,1
C0210,54.0,Female,13,336.28,46,4,1
C0211,49.0,Female,25,403.54,28,5,0
C0212,50.0,Female,45,103.25,46,2,0
C0213,18.0,Female,51,234.46,27,8,0
C0214,36.0,Male,58,,4,9,0
C0215,19.0,Male,19,222.72,15,5,0
C0216,61.0,Male,55,307.34,35,3,0
C0217,43.0,Male,46,314.5,37,6,0
C0218,49.0,Female,36,133.01,1,7,1
C0219,23.0,Male,45,213.01,3,8,1
C0220,49.0,Male,8,200.53,47,5,0
C0221,21.0,Female,29,61.79,24,5,1
C0222,28.0,Male,55,60.89,27,7,0
C0223,34.0,Male,53,424.26,40,4,0
C0224,55.0,Male,55,172.88,36,2,0
C0225,41.0,Male,32,283.14,34,2,0
C0226,22.0,Male,51,184.43,29,5,0
C0227,51.0,Male,44,473.31,24,1,0
C0228,23.0,Female,18,166.68,24,5,1
C0229,39.0,Female,6,243.35,42,5,1
C0230,28.0,Male,18,442.73,4,7,0
C0231,,Male,19,428.87,3,6,1
C0232,50.0,Female,22,133.75,34,7,0
C0233,26.0,Male,37,411.19,49,8,0
C0234,23.0,Male,32,256.18,23,5,0
C0235,33.0,Male,56,267.34,23,2,0
C0236,46.0,Female,41,110.07,45,9,0
C0237,20.0,Male,59,86.27,5,2,0
C0238,37.0,Female,3,377.57,31,0,0
C0239,53.0,Male,28,273.41,41,4,1
C0240,36.0,Female,10,246.58,6,3,0
C0241,43.0,Female,51,378.28,37,8,0
C0242,20.0,Male,35,394.48,10,8,0
C0243,36.0,Female,29,121.51,40,4,0
C0244,37.0,Male,54,324.6,7,9,0
C0245,49.0,Female,15,110.91,39,3,1
C0246,24.0,Male,33,,38,6,0
C0247,58.0,Male,7,345.63,21,5,0
C0248,50.0,Female,12,480.48,20,3,0
C0249,57.0,Male,49,81.03,3,9,0
C0250,56.0,Male,30,75.67,22,1,0
C0251,35.0,Female,21,176.98,47,0,0
C0252,57.0,Male,31,167.77,4,3,1
C0253,18.0,Male,58,161.14,28,3,0
C0254,28.0,Female,24,457.81,12,0,0
C0255,45.0,Female,20,162.3,38,5,0
C0256,42.0,Male,37,172.38,36,3,0
C0257,40.0,Male,4,391.73,47,0,0
C0258,48.0,Female,28,252.38,41,0,1
C0259,47.0,Female,44,399.52,5,0,0
C0260,59.0,Male,20,79.41,13,7,0
C0261,52.0,Female,24,269.41,23,9,0
C0262,24.0,Male,50,65.13,30,7,0
C0263,33.0,Male,49,78.19,37,1,0
C0264,43.0,Male,51,457.9,25,6,0
C0265,19.0,Male,32,112.66,48,7,0
C0266,18.0,Male,41,289.59,27,7,0
C0267,29.0,Female,36,234.99,14,9,1
C0268,22.0,Female,58,206.3,48,6,0
C0269,54.0,Female,53,454.93,47,4,0
C0270,49.0,Female,34,59.82,36,0,0
C0271,26.0,Male,36,348.71,39,8,0
C0272,58.0,Male,2,483.53,16,6,0
C0273,52.0,Male,15,302.08,22,1,0
C0274,36.0,Male,34,471.57,21,5,0
C0275,33.0,Female,36,73.52,21,1,0
C0276,20.0,Male,6,238.46,8,0,0
C0277,37.0,Male,39,167.07,49,6,0
C0278,41.0,Female,42,378.87,16,1,1
C0279,50.0,Female,51,491.58,31,1,0
C0280,41.0,Female,51,165.44,42,4,0
C0281,28.0,Female,58,344.38,10,4,0
C0282,25.0,Male,54,139.14,32,6,0
C0283,53.0,Male,12,304.4,34,0,0
C0284,55.0,Female,3,258.77,9,7,0
C0285,57.0,Male,45,487.4,17,2,1
C0286,37.0,Male,18,323.84,11,3,0
C0287,52.0,Male,40,207.28,32,8,0
C0288,42.0,Female,21,101.34,10,3,0
C0289,52.0,Male,15,118.06,22,9,0
C0290,42.0,Female,33,151.39,17,4,0
C0291,46.0,Male,35,162.93,4,6,1
C0292,35.0,Male,26,432.78,48,3,0
C0293,63.0,Male,8,302.55,47,0,1
C0294,35.0,Female,36,285.53,25,8,1
C0295,19.0,Male,48,101.65,21,3,1
C0296,52.0,Female,30,437.06,37,8,0
C0297,,Female,23,375.27,38,5,0
C0298,58.0,Female,42,80.45,49,0,0
C0299,53.0,Male,44,368.53,1,2,0
C0300,,Male,14,294.59,25,1,0
C0301,21.0,Male,14,86.78,36,8,1
C0302,50.0,Male,2,256.24,17,0,0
C0303,31.0,Female,55,268.11,41,8,0
C0304,38.0,Female,37,124.6,24,8,0
C0305,37.0,Female,5,475.56,2,7,0
C0306,25.0,Male,38,432.49,40,7,0
C0307,24.0,Female,45,351.06,15,0,1
C0308,20.0,Male,41,258.03,32,7,0
C0309,34.0,Female,54,235.29,39,9,1
C0310,50.0,Male,47,342.94,6,2,1
C0311,29.0,Male,14,,1,6,1
C0312,39.0,Female,56,78.02,47,0,0
C0313,39.0,Female,39,280.63,23,0,1
C0314,63.0,Female,25,412.88,39,9,0
C0315,47.0,Female,20,256.66,17,4,0
C0316,55.0,Male,2,73.38,34,4,0
C0317,55.0,Female,39,403.83,41,7,0
C0318,62.0,Female,6,140.61,29,6,0
C0319,25.0,Female,17,166.38,9,7,0
C0320,44.0,Male,59,124.12,13,5,0
C0321,44.0,Male,25,198.6,6,5,1
C0322,51.0,Female,57,390.54,6,1,0
C0323,38.0,Male,28,283.72,20,5,0
C0324,47.0,Female,2,142.2,3,4,0
C0325,,Male,35,445.02,17,2,0
C0326,45.0,Male,37,445.81,49,5,1
C0327,64.0,Male,5,441.76,12,7,0
C0328,50.0,Male,1,157.46,48,8,0
C0329,22.0,Female,40,253.06,47,0,0
C0330,36.0,Female,12,493.25,45,2,1
C0331,21.0,Female,56,397.41,1,2,0
C0332,52.0,Male,36,62.23,17,7,1
C0333,34.0,Female,45,,3,0,0
C0334,61.0,Female,23,258.77,26,4,0
C0335,45.0,Female,47,459.15,15,2,0
C0336,47.0,Male,31,292.42,36,1,1
C0337,46.0,Male,11,274.02,32,7,0
C0338,63.0,Male,10,97.46,32,2,0
C0339,23.0,Female,3,345.55,4,6,0
C0340,52.0,Female,54,419.95,18,0,0
C0341,58.0,Female,14,221.19,49,5,0
C0342,54.0,Male,16,399.03,19,2,1
C0343,41.0,Male,10,484.01,43,7,0
C0344,46.0,Female,29,141.69,35,5,0
C0345,63.0,Male,10,285.5,40,1,1
C0346,48.0,Male,12,179.21,14,5,0
C0347,52.0,Male,30,406.78,33,6,0
C0348,50.0,Male,41,309.92,14,4,0
C0349,38.0,Female,1,335.56,34,2,0
C0350,49.0,Male,5,409.06,4,3,0
C0351,40.0,Male,20,228.19,24,3,0
C0352,50.0,Male,8,461.79,29,5,0
C0353,20.0,Male,43,289.86,19,9,0
C0354,35.0,Female,12,121.08,6,0,1
C0355,42.0,Female,1,363.15,33,3,1
C0356,59.0,Male,57,406.97,49,9,1
C0357,48.0,Male,54,192.54,40,3,1
C0358,20.0,Male,20,435.73,19,-1,0
C0359,57.0,Male,28,457.76,1,0,1
C0360,63.0,Male,57,174.61,5,8,0
C0361,41.0,Male,43,492.58,27,3,0
C0362,49.0,Female,37,113.32,16,6,0
C0363,64.0,Male,47,140.91,6,2,0
C0364,39.0,Female,37,132.9,40,9,1
C0365,,Female,12,452.3,13,2,1
C0366,19.0,Male,37,344.43,48,7,0
C0367,44.0,Female,49,118.45,35,7,1
C0368,59.0,Female,49,248.15,19,0,0
C0369,19.0,Female,56,,12,9,0
C0370,43.0,Female,44,87.56,16,1,0
C0371,34.0,Female,56,447.09,43,7,0
C0372,57.0,Female,28,411.62,10,0,1
C0373,50.0,Male,47,277.34,25,7,1
C0374,26.0,Female,15,485.21,20,7,1
C0375,60.0,Female,6,237.99,31,1,0
C0376,56.0,Female,44,492.85,4,3,1
C0377,46.0,Male,59,350.56,44,5,0
C0378,59.0,Female,20,335.6,23,8,1
C0379,43.0,Male,50,124.68,2,7,0
C0380,52.0,Female,14,446.87,22,7,0
C0381,42.0,Male,2,242.37,37,6,0
C0382,41.0,Male,9,123.01,8,8,0
C0383,30.0,Female,37,55.67,7,1,0
C0384,24.0,Female,20,301.89,14,2,0
C0385,53.0,Male,26,287.33,3,9,0
C0386,62.0,Female,29,373.71,16,7,0
C0387,37.0,Male,1,450.62,19,5,0
C0388,18.0,Male,55,85.73,18,9,0
C0389,25.0,Male,35,379.17,16,8,0
C0390,63.0,Male,6,134.34,8,9,0
C0391,33.0,Male,37,436.18,33,3,0
C0392,31.0,Female,53,418.58,49,-1,1
C0393,29.0,Male,59,293.36,12,9,1
C0394,40.0,Male,5,369.61,11,-1,0
C0395,32.0,Female,33,191.46,5,2,1
C0396,45.0,Male,49,262.03,27,7,1
C0397,51.0,Female,51,419.74,12,4,1
C0398,19.0,Female,14,256.67,17,2,0
C0399,49.0,Female,12,211.01,6,9,0
C0400,40.0,Male,42,272.4,33,0,0
C0401,39.0,Male,20,422.71,5,2,0
C0402,,Male,53,200.84,28,8,0
C0403,39.0,Female,50,,14,4,0
C0404,39.0,Male,24,370.41,5,9,1
C0405,59.0,Female,59,421.69,33,-1,1
C0406,23.0,Male,43,95.29,48,6,0
C0407,32.0,Female,34,157.94,41,1,0
C0408,60.0,Male,25,113.89,19,3,0
C0409,54.0,Male,50,206.57,22,6,1
C0410,50.0,Male,29,252.66,5,3,0
C0411,25.0,Female,57,386.97,2,6,0
C0412,61.0,Female,39,343.02,30,6,0
C0413,61.0,Male,31,329.42,47,0,0
C0414,,Male,56,208.57,39,5,0
C0415,56.0,Female,47,,4,8,0
C0416,21.0,Female,43,262.08,33,1,1
C0417,23.0,Female,50,490.6,13,2,1
C0418,62.0,Male,23,335.36,20,9,1
C0419,49.0,Female,44,106.82,7,4,1
C0420,,Male,38,,15,8,0
C0421,64.0,Female,20,196.3,23,3,0
C0422,52.0,Male,23,358.85,14,0,1
C0423,57.0,Female,45,81.34,23,3,1
C0424,33.0,Female,52,128.7,19,5,0
C0425,30.0,Female,16,435.08,29,4,0
C0426,59.0,Female,50,152.23,20,0,0
C0427,47.0,Female,42,426.67,29,3,0
C0428,,Male,55,175.67,24,5,0
C0429,34.0,Female,8,339.3,18,9,0
C0430,36.0,Female,50,362.37,10,9,0
C0431,45.0,Female,21,280.69,41,3,0
C0432,43.0,Male,1,187.39,8,8,1
C0433,54.0,Female,55,145.69,26,4,0
C0434,43.0,Male,8,64.94,29,7,0
C0435,40.0,Female,29,186.78,10,8,0
C0436,26.0,Female,32,343.92,17,9,1
C0437,29.0,Male,38,472.24,2,4,0
C0438,18.0,Female,5,442.04,6,5,1
C0439,18.0,Male,47,394.73,5,0,0
C0440,64.0,Male,22,404.8,28,6,1
C0441,51.0,Female,47,349.24,41,3,1
C0442,49.0,Male,34,167.13,5,1,0
C0443,42.0,Female,1,458.24,18,4,0
C0444,57.0,Female,55,351.83,26,-1,0
C0445,62.0,Male,55,302.2,20,5,0
C0446,18.0,Male,26,99.95,41,7,0
C0447,33.0,Male,43,251.17,49,6,0
C0448,56.0,Male,10,257.16,27,2,0
C0449,22.0,Female,30,439.05,49,7,0
C0450,39.0,Female,50,295.99,12,1,0
C0451,46.0,Male,18,221.18,7,9,0
C0452,20.0,Female,17,,3,8,0
C0453,,Female,26,99.82,10,3,0
C0454,43.0,Female,8,240.15,34,0,0
C0455,33.0,Female,47,68.91,25,7,0
C0456,54.0,Male,40,382.96,35,6,1
C0457,39.0,Male,49,463.13,16,4,0
C0458,46.0,Female,12,176.02,2,9,0
C0459,31.0,Male,27,436.25,24,4,0
C0460,45.0,Male,8,181.5,10,6,1
C0461,22.0,Male,25,459.85,38,4,1
C0462,64.0,Female,46,389.28,22,7,1
C0463,47.0,Female,4,412.21,26,5,0
C0464,63.0,Female,33,,43,4,0
C0465,22.0,Male,1,483.26,39,8,0
C0466,29.0,Female,19,377.0,27,1,0
C0467,33.0,Female,31,187.14,29,0,1
C0468,,Male,16,423.23,47,7,0
C0469,43.0,Female,14,,38,2,1
C0470,38.0,Female,53,442.74,20,6,0
C0471,56.0,Male,48,100.66,27,9,1
C0472,53.0,Male,5,366.66,41,7,0
C0473,50.0,Male,41,293.31,20,5,0
C0474,47.0,Female,26,93.44,44,9,0
C0475,54.0,Female,28,158.85,19,8,0
C0476,40.0,Female,2,55.58,20,6,0
C0477,27.0,Male,50,260.95,35,9,1
C0478,22.0,Male,6,,47,4,0
C0479,53.0,Female,9,319.26,2,7,0
C0480,51.0,Female,33,183.76,30,1,0
C0481,48.0,Male,41,184.96,34,6,0
C0482,27.0,Male,25,384.44,22,3,1
C0483,36.0,Male,48,71.66,3,8,1
C0484,49.0,Male,13,456.3,6,0,1
C0485,18.0,Female,9,433.52,15,6,1
C0486,22.0,Male,53,350.51,27,5,1
C0487,62.0,Female,13,316.95,10,7,0
C0488,21.0,Female,31,451.54,9,4,1
C0489,33.0,Female,41,133.4,33,0,0
C0490,41.0,Male,11,85.54,32,0,0
C0491,33.0,Male,4,157.78,48,8,0
C0492,19.0,Male,34,407.56,6,9,1
C0493,45.0,Male,38,65.6,41,5,1
C0494,49.0,Female,46,312.26,36,9,0
C0495,44.0,Male,4,497.95,2,4,1
C0496,37.0,Male,38,435.06,29,0,1
C0497,41.0,Female,19,284.65,4,5,0
C0498,29.0,Male,6,78.64,1,5,0
C0499,52.0,Female,34,424.12,19,2,1
C0500,50.0,Female,18,319.54,26,7,0
C0501,50.0,Female,13,101.72,25,0,0
C0502,60.0,Female,41,92.24,10,0,0
C0503,54.0,Female,23,,15,5,0
C0504,29.0,Female,19,351.14,22,9,1
C0505,20.0,Female,45,423.18,48,0,0
C0506,18.0,Female,11,445.54,21,5,1
C0507,,Male,1,307.3,22,0,1
C0508,57.0,Male,24,282.85,36,5,1
C0509,27.0,Male,54,243.69,34,2,0
C0510,60.0,Male,7,192.63,30,7,0
C0511,61.0,Female,25,245.57,25,5,0
C0512,46.0,Male,21,398.25,45,0,0
C0513,30.0,Female,15,320.87,28,4,1
C0514,29.0,Male,1,451.64,1,7,0
C0515,48.0,Male,12,249.52,49,2,0
C0516,63.0,Male,58,323.19,45,5,0
C0517,19.0,Female,7,334.09,4,4,1
C0518,52.0,Male,15,316.26,7,5,1
C0519,40.0,Female,21,366.19,49,9,0
C0520,34.0,Female,19,156.85,9,0,1
C0521,43.0,Male,29,280.56,36,6,0
C0522,25.0,Male,25,96.9,19,-1,0
C0523,46.0,Male,33,223.03,1,1,1
C0524,43.0,Female,49,269.45,10,9,0
C0525,27.0,Male,32,343.5,36,4,1
C0526,43.0,Female,49,477.74,9,9,0
C0527,51.0,Female,35,320.29,45,3,0
C0528,58.0,Male,44,,46,5,1
C0529,24.0,Male,38,277.82,42,5,0
C0530,21.0,Female,26,335.35,32,1,1
C0531,62.0,Female,11,81.92,32,1,1
C0532,28.0,Female,35,164.48,6,3,0
C0533,46.0,Male,8,212.83,48,0,0
C0534,53.0,Female,46,262.62,38,8,0
C0535,42.0,Male,14,70.54,17,6,0
C0536,38.0,Female,10,113.01,10,6,0
C0537,53.0,Female,2,174.57,27,2,0
C0538,27.0,Male,46,487.19,35,2,0
C0539,54.0,Female,9,,21,0,0
C0540,26.0,Male,3,266.92,25,2,1
C0541,41.0,Male,21,138.24,28,2,1
C0542,52.0,Female,26,324.85,47,3,1
C0543,52.0,Male,8,176.31,15,3,0
C0544,53.0,Male,48,143.15,4,2,1
C0545,35.0,Female,2,282.46,29,9,0
C0546,,Male,6,52.48,9,7,1
C0547,49.0,Male,28,53.45,27,7,1
C0548,41.0,Male,53,148.58,26,0,0
C0549,40.0,Female,29,66.52,19,6,0
C0550,49.0,Male,26,98.61,28,1,1
C0551,54.0,Female,25,202.49,17,0,1
C0552,29.0,Female,12,411.16,43,2,1
C0553,30.0,Male,5,307.42,41,3,0
C0554,40.0,Male,34,280.7,42,5,0
C0555,42.0,Male,48,182.07,20,9,0
C0556,52.0,Female,37,469.29,45,4,1
C0557,58.0,Male,15,228.66,40,3,0
C0558,47.0,Male,44,89.19,39,7,1
C0559,34.0,Male,36,327.68,49,3,0
C0560,37.0,Male,15,101.23,23,9,0
C0561,42.0,Male,43,205.35,47,1,0
C0562,39.0,Female,48,278.34,32,2,1
C0563,30.0,Female,23,443.4,47,5,0
C0564,36.0,Male,6,272.1,33,7,0
C0565,53.0,Male,46,366.02,46,7,0
C0566,29.0,Male,50,496.77,5,8,0
C0567,58.0,Male,44,109.17,43,6,0
C0568,36.0,Female,59,173.63,48,1,1
C0569,29.0,Male,43,227.56,34,7,0
C0570,26.0,Female,45,239.82,40,6,0
C0571,24.0,Female,21,234.96,11,7,1
C0572,45.0,Male,23,458.42,3,2,1
C0573,31.0,Female,43,371.31,33,6,0
C0574,48.0,Female,55,323.56,11,9,0
C0575,36.0,Female,16,189.22,16,8,1
C0576,64.0,Female,47,420.71,18,2,1
C0577,33.0,Male,53,479.78,30,9,1
C0578,22.0,Male,15,419.54,48,5,0
C0579,52.0,Female,25,50.7,10,1,0
C0580,,Male,36,336.38,18,1,1
C0581,42.0,Male,11,73.01,38,4,0
C0582,38.0,Male,51,165.92,19,4,0
C0583,53.0,Male,15,76.79,36,6,1
C0584,40.0,Male,4,321.71,13,1,0
C0585,33.0,Female,21,358.97,46,6,0
C0586,56.0,Male,13,101.52,3,4,0
C0587,62.0,Male,22,222.73,10,5,0
C0588,59.0,Male,19,,38,7,0
C0589,56.0,Male,34,216.07,1,9,1
C0590,31.0,Female,14,104.46,27,3,0
C0591,48.0,Female,4,238.53,46,6,0
C0592,22.0,Female,48,388.03,8,5,1
C0593,52.0,Female,53,81.95,46,9,0
C0594,40.0,Male,52,86.08,42,1,0
C0595,46.0,Female,46,209.65,17,7,1
C0596,60.0,Male,27,473.78,9,9,1
C0597,28.0,Male,29,350.86,6,8,0
C0598,35.0,Male,47,355.4,43,4,1
C0599,64.0,Male,28,212.86,25,9,0
C0600,29.0,Male,35,317.15,39,3,1
C0601,26.0,Female,8,54.56,49,5,0
C0602,27.0,Female,16,336.24,28,7,1
C0603,61.0,Female,42,460.98,33,2,0
C0604,34.0,Female,36,325.66,37,-1,0
C0605,55.0,Male,30,443.16,9,0,0
C0606,24.0,Female,18,375.79,18,3,0
C0607,63.0,Male,2,104.25,21,3,1
C0608,30.0,Female,49,456.1,2,0,0
C0609,57.0,Male,13,79.9,43,8,0
C0610,59.0,Male,4,290.29,38,2,0
C0611,26.0,Female,26,113.96,40,4,0
C0612,44.0,Male,25,55.27,36,5,1
C0613,19.0,Male,30,239.92,43,7,1
C0614,22.0,Female,11,182.77,37,5,0
C0615,46.0,Male,7,268.7,15,2,1
C0616,54.0,Female,31,309.74,28,5,1
C0617,55.0,Female,44,69.68,18,0,0
C0618,36.0,Female,10,105.35,34,3,0
C0619,25.0,Male,39,301.39,22,5,1
C0620,62.0,Male,13,204.43,11,6,0
C0621,18.0,Male,31,378.13,13,9,1
C0622,39.0,Female,7,343.53,4,2,0
C0623,34.0,Male,56,430.52,22,8,0
C0624,24.0,Female,49,361.62,7,6,0
C0625,42.0,Female,42,243.47,43,0,0
C0626,62.0,Male,42,352.83,24,1,1
C0627,21.0,Female,56,173.92,4,0,0
C0628,53.0,Male,36,187.84,28,8,0
C0629,23.0,Male,20,405.04,15,8,1
C0630,48.0,Male,4,250.89,1,6,0
C0631,36.0,Male,54,409.27,3,9,0
C0632,61.0,Male,7,420.09,14,2,1
C0633,56.0,Female,54,435.9,38,4,1
C0634,44.0,Female,1,462.49,1,3,0
C0635,27.0,Female,44,243.94,38,6,0
C0636,43.0,Male,56,,38,8,0
C0637,36.0,Male,45,311.99,21,1,0
C0638,56.0,Male,42,217.03,48,7,0
C0639,20.0,Female,47,320.48,29,8,0
C0640,62.0,Male,59,367.51,5,9,0
C0641,30.0,Female,13,359.78,49,9,0
C0642,45.0,Female,55,218.55,10,8,0
C0643,37.0,Male,22,125.09,28,9,0
C0644,45.0,Male,54,243.74,21,6,1
C0645,25.0,Female,21,114.17,7,8,1
C0646,58.0,Male,22,450.54,3,8,0
C0647,56.0,Female,28,205.64,45,2,0
C0648,18.0,Male,9,119.51,47,3,0
C0649,20.0,Male,26,61.45,20,1,0
C0650,30.0,Female,9,340.62,19,9,0
C0651,45.0,Male,15,336.61,35,2,0
C0652,42.0,Female,10,203.27,4,4,0
C0653,50.0,Male,24,82.27,5,4,1
C0654,55.0,Female,58,234.33,1,5,0
C0655,23.0,Female,57,190.05,4,6,0
C0656,61.0,Male,42,354.7,12,6,1
C0657,62.0,Female,8,322.6,27,0,0
C0658,49.0,Male,24,214.07,42,1,0
C0659,62.0,Male,16,148.05,23,8,0
C0660,64.0,Male,49,494.62,25,9,0
C0661,38.0,Female,26,254.3,21,1,1
C0662,33.0,Female,27,359.72,24,5,0
C0663,38.0,Male,37,113.25,25,0,0
C0664,28.0,Male,4,268.52,45,2,0
C0665,54.0,Female,50,62.39,46,1,0
C0666,53.0,Male,24,277.45,32,2,1
C0667,52.0,Male,19,483.81,32,4,1
C0668,36.0,Female,36,,5,9,0
C0669,37.0,Male,39,67.55,36,5,0
C0670,35.0,Female,10,63.93,46,8,0
C0671,64.0,Male,25,224.59,42,9,1
C0672,58.0,Female,18,122.01,49,3,0
C0673,31.0,Male,19,60.51,42,6,0
C0674,32.0,Male,36,390.3,39,5,0
C0675,48.0,Female,10,256.34,16,1,0
C0676,18.0,Male,33,180.16,33,9,0
C0677,20.0,Female,55,455.04,49,7,0
C0678,33.0,Male,50,102.26,21,6,0
C0679,40.0,Female,5,480.16,9,6,0
C0680,28.0,Female,47,191.29,6,7,0
C0681,29.0,Female,49,449.78,45,0,1
C0682,27.0,Female,35,321.32,35,0,0
C0683,49.0,Male,44,422.02,39,7,0
C0684,33.0,Male,34,492.81,22,3,0
C0685,25.0,Female,33,179.78,41,4,0
C0686,55.0,Female,55,482.51,5,7,0
C0687,29.0,Female,21,225.27,42,4,1
C0688,41.0,Male,17,223.48,23,9,0
C0689,45.0,Male,22,203.17,17,3,1
C0690,25.0,Male,48,293.63,12,5,0
C0691,45.0,Male,37,119.37,23,-1,0
C0692,53.0,Female,15,299.17,16,6,0
C0693,43.0,Female,35,293.77,3,9,0
C0694,25.0,Female,28,392.86,30,6,1
C0695,45.0,Male,7,425.14,22,3,1
C0696,45.0,Male,32,248.2,9,4,1
C0697,54.0,Male,11,186.05,29,2,1
C0698,58.0,Female,10,,47,3,1
C0699,53.0,Female,9,137.58,37,3,0
C0700,44.0,Male,14,75.94,23,2,0
C0701,34.0,Female,13,204.1,13,9,0
C0702,26.0,Male,57,171.61,32,4,0
C0703,50.0,Male,25,484.89,46,4,1
C0704,37.0,Female,2,300.97,47,6,0
C0705,30.0,Male,35,206.27,48,3,0
C0706,,Female,7,311.21,23,3,0
C0707,46.0,Male,21,,45,8,0
C0708,30.0,Female,18,,17,5,0
C0709,63.0,Female,3,331.81,40,3,0
C0710,52.0,Female,42,270.0,21,1,0
C0711,23.0,Male,54,230.8,2,5,0
C0712,35.0,Male,39,497.23,37,1,0
C0713,22.0,Female,41,446.14,6,4,0
C0714,64.0,Female,49,330.53,44,5,0
C0715,42.0,Male,11,306.22,18,3,0
C0716,19.0,Male,39,329.3,30,2,0
C0717,27.0,Male,24,140.59,22,6,0
C0718,47.0,Female,46,227.81,33,1,0
C0719,62.0,Male,19,67.76,30,5,0
C0720,22.0,Male,4,264.0,17,3,0
C0721,50.0,Female,26,294.36,43,5,0
C0722,18.0,Male,38,152.49,32,3,0
C0723,35.0,Male,42,483.81,42,3,1
C0724,49.0,Male,32,459.25,14,3,0
C0725,64.0,Female,39,374.96,10,-1,1
C0726,28.0,Female,45,290.02,47,6,0
C0727,38.0,Female,46,441.49,36,2,0
C0728,43.0,Female,36,108.79,34,2,0
C0729,42.0,Female,40,405.73,9,5,0
C0730,39.0,Female,37,106.17,42,5,0
C0731,44.0,Female,33,407.39,28,3,0
C0732,30.0,Male,36,174.1,11,8,0
C0733,50.0,Male,3,444.69,14,3,0
C0734,51.0,Female,9,474.82,39,8,0
C0735,58.0,Male,8,116.96,47,3,0
C0736,52.0,Male,33,258.2,19,1,0
C0737,18.0,Female,59,491.44,15,1,0
C0738,38.0,Male,6,267.53,28,4,1
C0739,23.0,Male,41,438.6,24,3,1
C0740,45.0,Male,39,314.93,8,6,1
C0741,34.0,Male,4,218.9,43,4,0
C0742,22.0,Male,13,178.6,9,5,1
C0743,48.0,Female,49,141.45,47,-1,1
C0744,22.0,Female,2,392.81,33,3,0
C0745,55.0,Female,5,223.94,33,1,0
C0746,20.0,Male,44,280.07,19,9,1
C0747,40.0,Female,27,271.55,3,8,0
C0748,54.0,Male,32,309.78,10,9,0
C0749,54.0,Male,21,439.51,40,6,0
C0750,27.0,Male,8,491.33,47,3,0
C0751,27.0,Male,38,233.41,42,2,1
C0752,36.0,Female,8,422.38,1,9,0
C0753,34.0,Female,50,394.04,29,2,0
C0754,38.0,Male,3,,34,8,0
C0755,31.0,Female,54,480.22,13,4,0
C0756,26.0,Male,44,140.21,1,2,0
C0757,63.0,Female,58,99.17,34,4,0
C0758,18.0,Female,3,434.28,29,1,1
C0759,62.0,Male,22,247.62,48,3,0
C0760,30.0,Female,6,431.14,47,9,0
C0761,,Male,2,451.89,13,1,0
C0762,18.0,Female,23,78.11,48,1,0
C0763,57.0,Male,44,447.56,49,7,1
C0764,49.0,Male,2,251.74,29,0,1
C0765,51.0,Female,38,279.69,39,6,1
C0766,45.0,Female,17,331.97,24,4,0
C0767,48.0,Male,35,466.87,26,7,0
C0768,25.0,Female,34,58.6,17,0,0
C0769,56.0,Female,23,264.58,7,6,0
C0770,43.0,Male,30,359.47,13,4,1
C0771,51.0,Male,52,375.22,5,3,1
C0772,20.0,Female,8,361.64,26,6,1
C0773,29.0,Male,22,110.5,49,9,1
C0774,18.0,Male,44,184.73,3,1,1
C0775,61.0,Male,58,211.42,7,0,0
C0776,22.0,Female,36,412.0,49,0,0
C0777,47.0,Female,5,175.44,39,-1,0
C0778,,Male,13,144.82,1,4,0
C0779,34.0,Female,29,480.85,49,9,0
C0780,64.0,Male,31,53.99,17,6,0
C0781,40.0,Female,47,499.02,43,1,1
C0782,32.0,Male,57,354.57,25,9,0
C0783,54.0,Male,55,422.81,3,7,1
C0784,38.0,Female,16,182.58,15,3,1
C0785,31.0,Male,42,56.44,29,2,0
C0786,19.0,Female,30,382.04,43,9,0
C0787,28.0,Female,57,425.37,32,7,0
C0788,56.0,Male,55,383.21,26,1,1
C0789,55.0,Male,16,114.28,16,2,1
C0790,51.0,Female,12,389.04,25,2,1
C0791,55.0,Male,17,396.02,28,9,0
C0792,51.0,Male,16,346.34,9,0,0
C0793,35.0,Male,12,394.75,1,5,0
C0794,47.0,Male,8,430.66,29,1,1
C0795,32.0,Male,20,326.12,22,0,0
C0796,44.0,Female,3,89.87,16,1,0
C0797,51.0,Female,16,269.43,41,5,0
C0798,55.0,Male,30,84.94,44,3,0
C0799,50.0,Male,45,233.39,41,5,0
C0800,41.0,Male,23,233.2,7,8,0
C0801,32.0,Female,28,79.7,14,9,0
C0802,47.0,Male,51,206.97,29,9,0
C0803,59.0,Female,40,99.95,19,7,1
C0804,34.0,Female,54,413.71,19,0,1
C0805,22.0,Female,5,476.46,2,7,0
C0806,46.0,Male,20,82.54,41,8,1
C0807,21.0,Female,40,479.8,45,5,0
C0808,27.0,Male,56,285.16,15,9,0
C0809,34.0,Female,44,184.8,3,4,1
C0810,27.0,Male,1,84.59,11,5,1
C0811,34.0,Female,57,275.28,46,5,1
C0812,37.0,Male,30,407.53,30,8,0
C0813,41.0,Female,21,368.19,40,3,0
C0814,22.0,Male,20,72.6,18,1,1
C0815,51.0,Male,6,82.81,48,8,0
C0816,23.0,Male,22,231.29,2,1,0
C0817,19.0,Male,18,,32,9,1
C0818,30.0,Female,8,154.57,8,8,1
C0819,60.0,Female,39,176.45,22,1,1
C0820,,Male,32,411.57,6,7,0
C0821,28.0,Female,33,468.15,12,8,1
C0822,64.0,Male,53,232.3,47,9,0
C0823,40.0,Male,16,457.75,40,8,0
C0824,33.0,Female,12,,36,9,0
C0825,48.0,Male,38,264.4,15,8,0
C0826,28.0,Male,52,151.71,28,1,0
C0827,33.0,Female,34,338.21,49,3,0
C0828,25.0,Male,14,490.54,45,6,0
C0829,21.0,Male,36,321.57,18,1,0
C0830,57.0,Male,33,211.02,2,0,0
C0831,21.0,Male,23,341.52,13,2,0
C0832,42.0,Female,50,105.31,45,3,0
C0833,20.0,Female,45,449.9,15,7,1
C0834,49.0,Female,2,276.39,20,5,1
C0835,20.0,Male,41,252.21,29,1,0
C0836,44.0,Male,21,313.64,42,8,1
C0837,46.0,Female,2,331.15,29,1,0
C0838,49.0,Male,27,82.3,3,4,0
C0839,36.0,Male,57,357.18,19,3,1
C0840,38.0,Male,9,158.87,3,6,0
C0841,22.0,Male,1,371.28,14,7,1
C0842,35.0,Female,11,420.14,40,4,0
C0843,45.0,Female,3,411.78,4,9,1
C0844,59.0,Female,52,298.63,11,4,0
C0845,39.0,Male,23,284.08,31,1,0
C0846,38.0,Female,26,114.29,43,7,0
C0847,23.0,Female,4,398.91,32,1,1
C0848,18.0,Male,18,172.13,27,9,0
C0849,22.0,Male,55,273.51,30,5,1
C0850,58.0,Female,6,177.92,43,7,0
C0851,29.0,Female,35,110.22,2,5,0
C0852,43.0,Female,22,333.3,49,3,0
C0853,63.0,Female,43,74.45,9,3,0
C0854,51.0,Male,15,,28,5,1
C0855,31.0,Female,22,,31,3,0
C0856,43.0,Female,37,50.06,34,7,0
C0857,62.0,Male,52,280.01,15,8,0
C0858,44.0,Female,42,71.08,48,0,0
C0859,26.0,Male,12,174.28,25,3,1
C0860,43.0,Male,47,368.14,36,3,0
C0861,64.0,Male,49,78.21,8,1,0
C0862,39.0,Female,42,427.7,9,5,1
C0863,64.0,Female,38,,37,2,1
C0864,47.0,Male,18,161.07,48,6,0
C0865,60.0,Female,45,383.41,45,4,0
C0866,34.0,Female,35,192.32,39,3,0
C0867,43.0,Male,30,95.85,32,4,0
C0868,,Male,24,212.11,17,7,1
C0869,18.0,Female,42,171.68,35,2,0
C0870,25.0,Male,30,429.22,37,6,0
C0871,52.0,Female,14,191.01,19,5,0
C0872,32.0,Female,6,405.02,44,0,0
C0873,64.0,Female,3,451.34,29,6,0
C0874,39.0,Female,16,245.22,7,6,0
C0875,31.0,Male,7,459.47,28,0,0
C0876,43.0,Male,52,219.79,9,8,0
C0877,45.0,Male,14,483.84,28,5,0
C0878,40.0,Male,9,90.18,6,1,0
C0879,31.0,Female,15,359.16,29,4,0
C0880,41.0,Female,21,272.22,17,3,0
C0881,19.0,Male,35,224.44,16,-1,0
C0882,62.0,Female,2,334.72,23,7,0
C0883,43.0,Female,27,366.74,31,0,0
C0884,31.0,Female,2,51.96,3,4,0
C0885,24.0,Male,35,125.13,21,2,1
C0886,20.0,Male,18,370.87,26,0,1
C0887,64.0,Male,14,349.87,36,2,1
C0888,40.0,Female,20,484.72,42,5,0
C0889,63.0,Male,18,392.47,37,6,1
C0890,,Male,10,477.85,22,7,0
C0891,64.0,Male,25,366.14,42,3,0
C0892,62.0,Male,2,184.12,12,2,0
C0893,35.0,Male,25,97.41,42,4,1
C0894,55.0,Male,54,401.82,13,8,0
C0895,52.0,Female,33,339.87,11,5,0
C0896,32.0,Female,36,71.68,16,8,1
C0897,42.0,Male,31,212.02,8,5,1
C0898,54.0,Male,14,480.56,40,1,0
C0899,45.0,Female,1,275.18,40,4,0
C0900,27.0,Female,46,244.73,45,8,0
C0901,56.0,Male,16,255.96,2,7,1
C0902,34.0,Male,54,144.0,30,6,0
C0903,56.0,Male,46,215.92,30,0,0
C0904,39.0,Male,52,216.42,12,3,1
C0905,43.0,Female,3,73.56,10,6,0
C0906,61.0,Male,35,395.41,44,6,0
C0907,42.0,Male,41,237.43,11,5,0
C0908,34.0,Male,6,419.98,15,7,0
C0909,30.0,Male,25,432.66,16,5,0
C0910,37.0,Female,13,145.4,17,9,0
C0911,42.0,Female,53,345.81,26,2,0
C0912,21.0,Female,34,262.53,2,3,0
C0913,27.0,Male,8,446.07,12,2,0
C0914,20.0,Male,21,147.08,26,0,1
C0915,58.0,Female,34,355.02,23,9,1
C0916,62.0,Male,4,323.49,18,4,0
C0917,35.0,Male,25,,32,0,0
C0918,64.0,Female,15,111.47,49,0,0
C0919,53.0,Female,4,343.24,38,1,1
C0920,64.0,Female,45,382.37,47,3,0
C0921,39.0,Female,12,192.03,3,5,1
C0922,51.0,Male,32,340.17,38,7,0
C0923,64.0,Male,32,227.81,3,2,1
C0924,25.0,Female,28,370.94,30,0,1
C0925,57.0,Male,13,139.65,1,2,1
C0926,61.0,Female,31,,30,2,0
C0927,36.0,Female,14,179.33,45,4,0
C0928,59.0,Male,20,215.5,32,3,0
C0929,58.0,Female,18,76.14,28,3,0
C0930,54.0,Male,29,100.18,21,8,0
C0931,23.0,Male,6,282.14,46,6,0
C0932,43.0,Male,32,170.42,13,3,0
C0933,51.0,Male,29,425.97,27,2,0
C0934,62.0,Female,43,56.61,36,5,0
C0935,23.0,Male,2,220.59,7,2,0
C0936,54.0,Female,23,201.81,22,5,1
C0937,50.0,Female,19,58.7,10,8,0
C0938,39.0,Female,31,105.97,39,5,0
C0939,38.0,Female,51,236.14,15,3,0
C0940,23.0,Male,5,271.79,15,4,1
C0941,23.0,Male,19,231.93,4,5,0
C0942,21.0,Female,34,288.92,32,2,0
C0943,47.0,Female,10,317.81,23,7,0
C0944,28.0,Male,25,54.47,6,3,0
C0945,47.0,Female,2,258.84,24,7,0
C0946,48.0,Male,11,483.57,20,9,1
C0947,41.0,Female,50,283.56,37,9,1
C0948,26.0,Male,31,354.89,20,2,0
C0949,20.0,Female,56,,12,9,0
C0950,48.0,Female,15,398.3,33,6,0
C0951,57.0,Male,9,397.81,28,8,0
C0952,54.0,Female,23,284.58,8,3,0
C0953,53.0,Female,19,489.21,1,7,0
C0954,41.0,Male,9,106.5,37,2,1
C0955,48.0,Female,35,57.63,22,6,1
C0956,23.0,Male,21,396.57,6,2,0
C0957,19.0,Male,9,413.22,21,6,0
C0958,37.0,Female,28,104.09,32,9,0
C0959,45.0,Female,46,169.51,35,9,0
C0960,28.0,Female,51,,15,5,0
C0961,21.0,Female,7,181.99,5,1,0
C0962,32.0,Female,16,397.91,46,2,1
C0963,23.0,Female,16,283.08,48,5,1
C0964,47.0,Female,33,206.64,6,3,0
C0965,55.0,Male,4,217.28,25,5,0
C0966,19.0,Female,4,50.61,46,0,0
C0967,32.0,Male,39,184.91,40,9,0
C0968,28.0,Female,40,340.91,29,0,0
C0969,25.0,Female,17,488.39,7,2,0
C0970,43.0,Male,37,431.18,40,7,0
C0971,62.0,Female,39,60.62,13,7,0
C0972,61.0,Female,52,454.35,38,3,1
C0973,,Male,29,402.44,18,5,0
C0974,23.0,Female,52,401.17,2,7,0
C0975,43.0,Female,36,,8,6,0
C0976,21.0,Female,38,229.1,11,6,0
C0977,36.0,Male,39,186.31,33,3,0
C0978,37.0,Female,50,79.56,38,8,1
C0979,50.0,Female,37,152.71,48,9,1
C0980,37.0,Female,52,160.97,27,5,0
C0981,29.0,Female,35,267.83,20,2,0
C0982,64.0,Male,7,386.35,12,4,0
C0983,18.0,Male,27,263.21,43,4,0
C0984,43.0,Female,28,76.03,31,4,1
C0985,31.0,Female,22,481.01,27,7,0
C0986,55.0,Male,14,474.23,32,8,0
C0987,54.0,Male,7,403.34,10,-1,0
C0988,28.0,Female,37,496.1,3,5,0
C0989,53.0,Male,22,295.02,45,5,1
C0990,30.0,Female,5,483.25,27,8,0
C0991,60.0,Male,55,84.02,35,3,1
C0992,,Male,2,214.56,31,5,0
C0993,50.0,Male,27,151.42,15,3,1
C0994,23.0,Male,21,138.12,16,0,0
C0995,27.0,Female,54,113.36,13,6,0
C0996,22.0,Male,38,330.09,49,9,1
C0997,40.0,Male,15,401.59,35,5,0
C0998,27.0,Female,21,310.23,11,8,0
C0999,61.0,Male,10,116.13,21,6,0
C1000,19.0,Male,23,415.01,11,6,1
